{
  "hosting": {
    "public": "dist",
    "ignore": [
      "firebase.json",
      "**/.*",
      "**/node_modules/**"
    ],
    "rewrites": [
      {
        "source": "/api/**",
        "run": {
          "serviceId": "gdg-backend",
          "region": "us-central1"
        }
      },
      {
        "source": "/outputs/**",
        "run": {
          "serviceId": "gdg-backend",
          "region": "us-central1"
        }
      },
      { "source": "**", "destination": "/index.html" }
    ]
  }
}
